"Date","Price","Open","High","Low","Vol.","Change %"
"17/03/2025","26.77","27.22","27.30","26.75","","1.13%"
"14/03/2025","26.47","25.91","26.88","25.90","","1.34%"
"13/03/2025","26.12","26.26","26.59","25.69","","-3.83%"
"12/03/2025","27.16","27.75","27.76","26.86","","-1.81%"
"11/03/2025","27.66","28.56","28.67","27.53","","0.18%"
"10/03/2025","27.61","28.78","28.80","27.59","","-3.86%"
"07/03/2025","28.72","28.58","29.32","28.23","","-0.49%"
"06/03/2025","28.86","27.96","28.88","27.78","","5.99%"
"05/03/2025","27.23","27.37","27.78","26.85","","-2.33%"
"04/03/2025","27.88","29.15","29.25","27.63","","-2.48%"
"03/03/2025","28.59","29.57","29.73","28.56","","-5.80%"
"28/02/2025","30.35","29.23","30.45","28.98","","4.48%"
"27/02/2025","29.05","28.85","29.39","28.57","","-0.17%"
"26/02/2025","29.10","28.26","29.50","27.39","","3.56%"
"25/02/2025","28.10","28.85","28.85","27.95","","-3.17%"
"24/02/2025","29.02","29.21","29.69","28.63","","2.04%"
"21/02/2025","28.44","27.96","28.44","27.32","","6.36%"
"20/02/2025","26.74","27.04","27.13","26.14","","-1.55%"
"19/02/2025","27.16","28.46","28.46","27.14","","-6.51%"
"18/02/2025","29.05","28.91","29.74","27.78","","-1.22%"
"17/02/2025","29.41","27.75","31.95","27.75","","-0.44%"
"14/02/2025","29.54","26.89","29.56","26.87","","7.46%"
"13/02/2025","27.49","27.20","28.73","26.93","","2.35%"
"12/02/2025","26.86","26.18","26.90","25.55","","5.42%"
"11/02/2025","25.48","26.59","27.07","18.32","","-5.38%"
"10/02/2025","26.93","26.70","27.31","26.49","","5.28%"
"07/02/2025","25.58","25.27","26.06","24.76","","1.59%"
"06/02/2025","25.18","25.16","25.75","24.56","","-3.27%"
"05/02/2025","26.03","26.86","26.86","25.45","","-5.41%"
"04/02/2025","27.52","26.31","27.54","25.32","","6.09%"
"03/02/2025","25.94","26.69","27.34","25.54","","5.49%"
"28/01/2025","24.59","23.89","24.90","22.67","0.00K","1.44%"
"27/01/2025","24.24","23.14","24.38","23.11","0.00K","8.26%"
"24/01/2025","22.39","21.92","23.51","21.21","0.00K","3.90%"
"23/01/2025","21.55","22.95","23.68","21.39","0.00K","-1.42%"
"22/01/2025","21.86","23.08","23.08","21.77","0.00K","-10.78%"
"21/01/2025","24.50","24.91","25.43","23.82","0.00K","0.99%"
"20/01/2025","24.26","24.44","25.52","23.80","0.00K","7.97%"
"17/01/2025","22.47","22.29","22.89","21.95","0.00K","0.00%"
"16/01/2025","22.47","23.34","24.53","21.90","0.00K","-4.22%"
"15/01/2025","23.46","23.64","24.36","23.45","0.00K","-2.82%"
"14/01/2025","24.14","23.55","24.57","23.05","0.00K","2.90%"
"13/01/2025","23.46","23.78","24.73","23.11","","2.89%"
"10/01/2025","22.80","23.17","23.42","22.37","0.00K","0.09%"
"09/01/2025","22.78","23.07","23.20","22.64","0.00K","-1.64%"
"08/01/2025","23.16","23.22","23.56","22.71","0.00K","-0.34%"
"07/01/2025","23.24","23.73","24.01","22.75","0.00K","4.31%"
"06/01/2025","22.28","23.04","23.11","22.23","0.00K","0.18%"
"03/01/2025","22.24","22.49","22.80","21.97","0.00K","-1.55%"
"02/01/2025","22.59","22.29","22.88","21.95","0.00K","1.07%"
"31/12/2024","22.35","21.94","22.58","21.62","0.00K","0.09%"
"30/12/2024","22.33","21.85","22.41","20.99","0.00K","3.72%"
"27/12/2024","21.53","21.65","22.13","20.98","0.00K","0.94%"
"24/12/2024","21.33","20.94","21.46","20.41","0.00K","0.85%"
"23/12/2024","21.15","21.53","21.57","20.57","0.00K","1.10%"
"20/12/2024","20.92","21.57","21.68","20.57","0.00K","-1.65%"
"19/12/2024","21.27","21.83","21.83","20.34","0.00K","1.05%"
"18/12/2024","21.05","21.36","21.60","20.81","0.00K","1.45%"
"17/12/2024","20.75","21.05","21.79","20.57","0.00K","-3.40%"
"16/12/2024","21.48","22.91","23.46","21.23","0.00K","-1.83%"
"13/12/2024","21.88","22.74","22.80","21.51","0.00K","-13.79%"
"12/12/2024","25.38","24.68","26.35","24.09","0.00K","2.92%"
"11/12/2024","24.66","25.81","26.23","24.54","0.00K","-6.94%"
"10/12/2024","26.50","30.60","31.10","26.25","0.00K","0.68%"
"09/12/2024","26.32","22.52","26.32","22.33","0.00K","16.72%"
"06/12/2024","22.55","21.67","22.92","21.67","0.00K","2.13%"
"05/12/2024","22.08","22.67","22.79","21.59","0.00K","-5.11%"
"04/12/2024","23.27","23.18","23.67","22.82","0.00K","-0.17%"
"03/12/2024","23.31","22.78","23.66","22.41","0.00K","1.70%"
"02/12/2024","22.92","23.41","23.74","22.70","0.00K","-0.30%"
"29/11/2024","22.99","23.30","23.70","22.19","0.00K","-1.08%"
"28/11/2024","23.24","22.52","23.75","22.16","0.00K","-0.68%"
"27/11/2024","23.40","21.29","23.74","20.88","0.00K","8.38%"
"26/11/2024","21.59","22.19","23.41","21.31","0.00K","-1.82%"
"25/11/2024","21.99","22.49","23.38","21.77","0.00K","-1.65%"
"22/11/2024","22.36","21.90","23.20","21.10","0.00K","0.45%"
"21/11/2024","22.26","22.58","23.17","21.90","0.00K","-2.24%"
"20/11/2024","22.77","23.49","23.77","22.77","0.00K","-2.57%"
"19/11/2024","23.37","24.79","24.89","23.21","0.00K","-6.11%"
"18/11/2024","24.89","25.27","25.96","24.47","0.00K","-4.85%"
"15/11/2024","26.16","25.21","26.51","24.51","","3.85%"
"14/11/2024","25.19","24.54","26.36","23.93","","0.52%"
"13/11/2024","25.06","24.83","26.09","24.61","","-0.04%"
"12/11/2024","25.07","24.21","25.84","23.28","","-0.83%"
"11/11/2024","25.28","27.95","28.01","25.28","","-18.19%"
"08/11/2024","30.90","33.58","33.79","30.90","","-4.57%"
"07/11/2024","32.38","31.12","32.65","30.88","","2.44%"
"06/11/2024","31.61","32.14","32.85","30.96","","-5.02%"
"05/11/2024","33.28","31.93","33.51","31.42","","2.97%"
"04/11/2024","32.32","32.82","33.16","32.15","","-1.40%"
"01/11/2024","32.78","32.94","33.59","32.33","","0.86%"
"31/10/2024","32.50","32.46","33.33","32.13","","-1.34%"
"30/10/2024","32.94","32.45","33.13","31.73","","0.15%"
"29/10/2024","32.89","32.81","33.00","31.53","","0.70%"
"28/10/2024","32.66","33.37","33.39","32.41","","-2.62%"
"25/10/2024","33.54","32.96","34.45","32.35","","5.01%"
"24/10/2024","31.94","31.15","32.20","31.07","","-0.47%"
"23/10/2024","32.09","30.40","33.38","30.38","","2.95%"
"22/10/2024","31.17","30.30","32.26","30.30","","-0.42%"
"21/10/2024","31.30","31.67","32.65","30.58","","-4.49%"
"18/10/2024","32.77","28.61","35.14","28.29","","8.44%"
"17/10/2024","30.22","30.70","32.51","28.86","","-3.97%"
"16/10/2024","31.47","30.69","32.87","30.36","","0.64%"
"15/10/2024","31.27","31.76","32.48","28.66","","-10.14%"
"14/10/2024","34.80","37.99","39.31","34.01","","-12.12%"
"10/10/2024","39.60","39.72","41.77","38.50","","0.03%"
"09/10/2024","39.59","39.86","41.00","35.14","","-1.27%"
"08/10/2024","40.10","39.62","43.08","38.61","","-9.89%"
"07/10/2024","44.50","41.86","44.56","40.44","","11.03%"
"04/10/2024","40.08","37.59","40.09","36.91","","4.40%"
"03/10/2024","38.39","36.88","40.14","34.86","","-6.34%"
"02/10/2024","40.99","34.56","42.56","34.56","","25.51%"
"30/09/2024","32.66","32.42","34.87","31.74","","4.55%"
"27/09/2024","31.24","31.22","34.12","29.81","","14.35%"
"26/09/2024","27.32","22.89","28.25","22.54","","23.40%"
"25/09/2024","22.14","26.60","26.60","21.99","","1.33%"
"24/09/2024","21.85","19.49","22.19","18.68","","17.79%"
"23/09/2024","18.55","18.86","19.51","18.47","","-1.80%"
"20/09/2024","18.89","19.02","19.80","18.86","","-2.33%"
"19/09/2024","19.34","18.51","19.65","18.25","","3.70%"
"17/09/2024","18.65","18.33","19.09","18.30","","2.47%"
"16/09/2024","18.20","19.05","19.14","18.16","","-2.26%"
"13/09/2024","18.62","18.95","19.26","18.28","","-1.64%"
"12/09/2024","18.93","19.10","19.39","18.14","","-1.66%"
"11/09/2024","19.25","18.95","19.37","18.81","","2.50%"
"10/09/2024","18.78","18.66","19.53","18.59","","-1.47%"
"09/09/2024","19.06","18.36","19.33","18.30","","5.71%"
"05/09/2024","18.03","19.02","19.02","17.98","","-5.01%"
"04/09/2024","18.98","19.24","19.29","18.73","","3.72%"
"03/09/2024","18.30","19.03","19.05","18.30","","-5.43%"
"02/09/2024","19.35","19.59","19.60","19.10","","0.36%"
"30/08/2024","19.28","18.62","19.95","18.57","","2.83%"
"29/08/2024","18.75","18.83","18.88","18.34","","-0.42%"
"28/08/2024","18.83","18.68","18.99","18.34","","1.35%"
"27/08/2024","18.58","19.34","19.40","18.52","","-3.33%"
"26/08/2024","19.22","19.78","19.89","18.87","","0.68%"
"23/08/2024","19.09","19.36","19.42","18.83","","-0.73%"
"22/08/2024","19.23","19.43","19.59","18.69","","-3.42%"
"21/08/2024","19.91","19.86","20.55","19.19","","1.27%"
"20/08/2024","19.66","19.86","19.86","18.99","","0.05%"
"19/08/2024","19.65","19.74","20.49","19.48","","2.02%"
"16/08/2024","19.26","19.60","20.04","18.96","","-1.03%"
"15/08/2024","19.46","19.83","20.39","19.33","","-3.81%"
"14/08/2024","20.23","20.60","20.88","20.23","","-3.94%"
"13/08/2024","21.06","21.04","22.05","20.72","","-0.14%"
"12/08/2024","21.09","21.66","22.21","20.61","","-2.23%"
"09/08/2024","21.57","21.96","22.64","21.30","","-5.44%"
"08/08/2024","22.81","23.07","23.34","22.05","","3.17%"
"07/08/2024","22.11","22.46","22.80","21.60","","-6.63%"
"06/08/2024","23.68","23.79","24.67","23.12","","-9.13%"
"05/08/2024","26.06","26.04","29.42","23.11","","20.93%"
"02/08/2024","21.55","21.17","21.83","20.44","","9.84%"
"01/08/2024","19.62","20.46","20.46","19.54","","-4.71%"
"31/07/2024","20.59","21.11","21.26","20.43","","-0.72%"
"30/07/2024","20.74","20.77","21.54","20.60","","-0.24%"
"29/07/2024","20.79","21.60","21.90","20.79","","-1.70%"
"26/07/2024","21.15","21.66","22.06","20.55","","1.68%"
"25/07/2024","20.80","21.12","21.89","20.39","","2.31%"
"24/07/2024","20.33","20.55","20.88","19.52","","0.94%"
"23/07/2024","20.14","21.13","21.13","19.53","","-4.55%"
"22/07/2024","21.10","21.79","21.79","20.75","","3.63%"
"19/07/2024","20.36","21.08","21.50","20.36","","-3.00%"
"18/07/2024","20.99","21.16","21.67","20.99","","0.86%"
"17/07/2024","20.81","21.34","21.61","20.68","","-1.19%"
"16/07/2024","21.06","21.26","21.35","20.96","","-2.05%"
"15/07/2024","21.50","21.87","22.62","21.08","","1.75%"
"12/07/2024","21.13","20.81","21.34","20.65","","2.92%"
"11/07/2024","20.53","20.07","20.70","19.49","0.00K","3.74%"
"10/07/2024","19.79","20.23","20.50","19.66","0.00K","-0.10%"
"09/07/2024","19.81","20.33","20.86","19.75","0.00K","-2.84%"
"08/07/2024","20.39","20.48","20.48","19.15","","4.35%"
"05/07/2024","19.54","19.85","19.97","19.38","0.00K","-1.36%"
"04/07/2024","19.81","20.35","20.47","19.62","0.00K","-0.65%"
"03/07/2024","19.94","20.13","20.21","19.40","0.00K","-0.89%"
"02/07/2024","20.12","20.13","20.40","19.79","0.00K","4.74%"
"28/06/2024","19.21","20.22","20.49","19.11","0.00K","-4.52%"
"27/06/2024","20.12","19.08","20.52","19.04","0.00K","6.68%"
"26/06/2024","18.86","19.06","19.38","18.70","0.00K","-2.13%"
"25/06/2024","19.27","20.14","20.45","19.14","0.00K","-4.37%"
"24/06/2024","20.15","20.47","20.58","19.68","0.00K","2.49%"
"21/06/2024","19.66","19.98","20.25","19.64","0.00K","-2.29%"
"20/06/2024","20.12","20.16","20.43","19.79","0.00K","-0.59%"
"19/06/2024","20.24","19.12","20.47","19.12","","4.87%"
"18/06/2024","19.30","20.20","20.22","18.94","","-3.88%"
"17/06/2024","20.08","20.84","20.92","19.77","","0.65%"
"14/06/2024","19.95","20.63","20.65","19.62","","-3.06%"
"13/06/2024","20.58","20.66","21.06","20.26","","-3.20%"
"12/06/2024","21.26","20.84","21.46","20.84","","0.19%"
"11/06/2024","21.22","20.91","21.92","20.91","","1.82%"
"07/06/2024","20.84","21.29","21.41","20.51","","-2.75%"
"06/06/2024","21.43","21.66","21.77","20.96","","0.00%"
"05/06/2024","21.43","21.52","21.66","20.72","","-0.23%"
"04/06/2024","21.48","21.99","22.02","21.41","","-2.54%"
"03/06/2024","22.04","21.62","22.32","21.62","","-0.50%"
"31/05/2024","22.15","21.16","22.25","21.16","","2.50%"
"30/05/2024","21.61","21.82","22.02","20.62","","0.61%"
"29/05/2024","21.48","21.40","21.87","20.47","","3.92%"
"28/05/2024","20.67","21.07","21.82","20.63","","-2.78%"
"27/05/2024","21.26","22.06","22.07","20.99","","-1.76%"
"24/05/2024","21.64","21.24","21.89","20.67","","2.03%"
"23/05/2024","21.21","21.48","21.87","20.49","","-1.07%"
"22/05/2024","21.44","21.06","22.20","20.49","","-2.23%"
"21/05/2024","21.93","20.96","22.70","20.80","","1.72%"
"20/05/2024","21.56","21.72","22.46","20.95","","-0.87%"
"17/05/2024","21.75","22.25","22.60","20.73","","-1.18%"
"16/05/2024","22.01","21.57","22.58","21.19","","0.87%"
"14/05/2024","21.82","22.22","22.79","21.33","","-2.55%"
"13/05/2024","22.39","22.76","23.09","21.90","","0.54%"
"10/05/2024","22.27","22.39","22.93","21.92","","1.88%"
"09/05/2024","21.86","21.93","22.20","21.09","","-0.82%"
"08/05/2024","22.04","22.39","22.91","21.80","","-3.92%"
"07/05/2024","22.94","23.71","23.79","22.90","","-4.30%"
"06/05/2024","23.97","24.92","24.96","23.64","","-0.21%"
"03/05/2024","24.02","24.66","24.88","23.86","","1.91%"
"02/05/2024","23.57","23.18","23.86","22.86","","2.84%"
"30/04/2024","22.92","23.28","23.95","22.69","","-4.74%"
"29/04/2024","24.06","24.04","25.11","24.03","","-0.21%"
"26/04/2024","24.11","23.66","24.71","23.46","","2.73%"
"25/04/2024","23.47","23.52","24.07","23.05","","-0.55%"
"24/04/2024","23.60","22.98","23.99","22.71","","3.10%"
"23/04/2024","22.89","22.76","23.04","22.23","","0.66%"
"22/04/2024","22.74","22.70","23.04","22.54","","1.11%"
"19/04/2024","22.49","23.21","24.25","22.49","","0.18%"
"18/04/2024","22.45","22.95","23.06","22.44","","-2.31%"
"17/04/2024","22.98","23.29","23.45","22.91","","-4.45%"
"16/04/2024","24.05","23.44","24.23","23.27","","4.57%"
"15/04/2024","23.00","23.10","23.40","22.88","","2.68%"
"12/04/2024","22.40","22.46","22.62","21.87","","-0.49%"
"11/04/2024","22.51","22.96","22.96","22.28","","-0.97%"
"10/04/2024","22.73","22.42","22.93","22.27","","1.52%"
"09/04/2024","22.39","22.61","22.95","22.23","","-0.97%"
"08/04/2024","22.61","22.79","22.79","22.48","","2.73%"
"05/04/2024","22.01","22.53","22.80","21.81","","2.42%"
"03/04/2024","21.49","22.01","22.01","21.45","","-1.83%"
"02/04/2024","21.89","22.08","22.38","21.66","","7.46%"
"28/03/2024","20.37","20.82","20.97","20.25","","-3.73%"
"27/03/2024","21.16","21.06","21.32","20.58","","0.33%"
"26/03/2024","21.09","21.51","21.64","20.96","","-1.91%"
"25/03/2024","21.50","22.36","22.36","21.13","","-0.46%"
"22/03/2024","21.60","21.59","23.28","20.80","","0.56%"
"21/03/2024","21.48","21.82","22.23","21.47","","-1.96%"
"20/03/2024","21.91","22.08","22.20","21.69","","-1.22%"
"19/03/2024","22.18","22.75","22.80","22.06","","-1.86%"
"18/03/2024","22.60","23.07","23.11","22.50","","-0.09%"
"15/03/2024","22.62","22.86","23.51","22.58","","-1.39%"
"14/03/2024","22.94","23.24","23.39","22.81","","-2.96%"
"13/03/2024","23.64","23.68","24.20","23.29","","-2.52%"
"12/03/2024","24.25","23.67","24.54","23.11","","3.32%"
"11/03/2024","23.47","24.27","24.43","23.28","","-0.13%"
"08/03/2024","23.50","24.21","24.36","23.27","","-3.81%"
"07/03/2024","24.43","24.44","24.81","23.93","","-1.81%"
"06/03/2024","24.88","25.28","25.37","24.65","","-2.93%"
"05/03/2024","25.63","25.16","25.87","24.97","","1.42%"
"04/03/2024","25.27","25.52","25.96","24.72","","2.14%"
"01/03/2024","24.74","23.93","24.87","23.85","","0.90%"
"29/02/2024","24.52","25.29","25.29","24.41","","-3.77%"
"28/02/2024","25.48","25.46","25.82","25.09","","-0.97%"
"27/02/2024","25.73","26.19","26.27","25.38","","-2.35%"
"26/02/2024","26.35","26.73","27.02","26.00","","-2.15%"
"23/02/2024","26.93","27.35","27.87","26.16","","0.97%"
"22/02/2024","26.67","26.25","26.67","25.93","","2.03%"
"21/02/2024","26.14","26.06","27.22","25.62","","-0.34%"
"20/02/2024","26.23","26.68","27.64","26.17","","-4.10%"
"19/02/2024","27.35","28.20","28.71","27.03","","-0.65%"
"16/02/2024","27.53","26.85","28.10","26.04","","1.32%"
"15/02/2024","27.17","27.67","27.75","27.17","","-2.02%"
"14/02/2024","27.73","27.97","28.62","26.70","","3.74%"
"09/02/2024","26.73","26.48","27.29","26.19","","-1.80%"
"08/02/2024","27.22","26.78","27.37","25.79","","0.55%"
"07/02/2024","27.07","27.55","28.51","26.43","","-1.96%"
"06/02/2024","27.61","26.92","28.03","25.32","","1.99%"
"05/02/2024","27.07","26.53","27.85","26.00","","5.99%"
"02/02/2024","25.54","25.40","26.02","24.99","","-1.01%"
"01/02/2024","25.80","25.84","26.45","24.82","","0.04%"
"31/01/2024","25.79","25.81","25.99","25.02","","-1.64%"
"30/01/2024","26.22","26.18","26.86","25.08","","2.02%"
"29/01/2024","25.70","26.01","26.34","25.31","","0.86%"
"26/01/2024","25.48","26.42","27.43","24.84","","-3.04%"
"25/01/2024","26.28","26.04","28.37","25.63","","-4.12%"
"24/01/2024","27.41","26.98","28.47","26.23","","2.35%"
"23/01/2024","26.78","26.05","29.42","26.05","","-2.69%"
"22/01/2024","27.52","24.22","28.79","24.22","","14.05%"
"19/01/2024","24.13","24.30","24.64","23.47","","-2.27%"
"18/01/2024","24.69","25.43","25.94","24.68","","-4.00%"
"17/01/2024","25.72","23.40","26.51","23.37","","14.26%"
"16/01/2024","22.51","22.17","22.69","21.73","","3.49%"
"15/01/2024","21.75","21.84","22.26","21.75","","0.69%"
"12/01/2024","21.60","22.02","22.02","21.10","","-1.01%"
"11/01/2024","21.82","21.78","22.41","21.60","","-0.14%"
"10/01/2024","21.85","22.03","22.03","21.53","","-0.91%"
"09/01/2024","22.05","22.20","22.23","21.71","","-2.13%"
"08/01/2024","22.53","21.92","22.70","21.62","","4.94%"
"05/01/2024","21.47","21.82","21.92","21.41","","-1.38%"
"04/01/2024","21.77","22.23","22.26","21.63","","-1.36%"
"03/01/2024","22.07","22.14","22.18","21.78","","-0.99%"
"02/01/2024","22.29","22.75","22.91","22.12","","1.60%"
"29/12/2023","21.94","22.20","22.31","21.74","","-2.45%"
"28/12/2023","22.49","22.79","23.19","22.32","","-3.14%"
"27/12/2023","23.22","23.69","24.15","23.11","","0.22%"
"22/12/2023","23.17","22.18","24.15","21.22","","5.65%"
"21/12/2023","21.93","23.08","23.08","21.06","","2.05%"
"20/12/2023","21.49","22.25","22.30","21.45","","-2.58%"
"19/12/2023","22.06","22.80","22.82","22.06","","-3.29%"
"18/12/2023","22.81","23.12","23.35","22.81","","1.42%"
"15/12/2023","22.49","22.70","23.64","22.38","","0.58%"
"14/12/2023","22.36","22.79","23.02","22.21","","-2.10%"
"13/12/2023","22.84","23.57","23.68","22.76","","-4.44%"
"12/12/2023","23.90","24.25","24.42","23.64","","-1.65%"
"11/12/2023","24.30","24.76","24.87","24.09","","2.70%"
"08/12/2023","23.66","23.83","23.84","23.16","","-0.92%"
"07/12/2023","23.88","23.99","24.84","23.59","","0.08%"
"06/12/2023","23.86","24.83","24.86","23.60","","-3.20%"
"05/12/2023","24.65","23.85","25.03","23.50","","4.40%"
"04/12/2023","23.61","24.22","24.52","23.21","","1.37%"
"01/12/2023","23.29","23.32","23.39","22.91","","-1.10%"
"30/11/2023","23.55","24.31","24.37","23.36","","-4.46%"
"29/11/2023","24.65","23.03","24.68","22.82","","6.80%"
"28/11/2023","23.08","23.49","23.54","23.05","","-2.16%"
"27/11/2023","23.59","23.82","23.96","23.54","","0.00%"
"24/11/2023","23.59","23.62","24.04","23.35","","1.07%"
"23/11/2023","23.34","23.42","24.00","22.94","","-0.77%"
"22/11/2023","23.52","23.92","24.04","23.34","","-3.72%"
"21/11/2023","24.43","24.44","24.60","24.05","","-0.08%"
"20/11/2023","24.45","25.30","25.40","24.45","","-1.81%"
"17/11/2023","24.90","25.05","25.26","24.68","","0.08%"
"16/11/2023","24.88","24.76","24.96","23.96","","-0.80%"
"15/11/2023","25.08","24.20","25.11","23.97","","4.54%"
"14/11/2023","23.99","23.96","24.03","23.67","","0.67%"
"13/11/2023","23.83","23.63","23.83","23.24","","2.27%"
"10/11/2023","23.30","22.79","23.64","22.76","","3.28%"
"09/11/2023","22.56","22.98","23.07","22.49","","-2.38%"
"08/11/2023","23.11","23.63","23.73","22.90","","-2.65%"
"07/11/2023","23.74","23.70","24.27","23.59","","-2.18%"
"06/11/2023","24.27","24.12","24.36","23.97","","3.01%"
"03/11/2023","23.56","23.83","23.95","23.37","","-2.16%"
"02/11/2023","24.08","24.73","24.80","23.89","","-4.03%"
"01/11/2023","25.09","25.69","25.69","25.02","","-3.80%"
"31/10/2023","26.08","26.20","26.53","25.88","","-1.21%"
"30/10/2023","26.40","26.93","26.94","25.81","","0.96%"
"27/10/2023","26.15","27.13","27.64","25.89","","-4.25%"
"26/10/2023","27.31","27.41","28.17","27.06","","2.71%"
"25/10/2023","26.59","26.98","27.97","26.30","","-2.21%"
"24/10/2023","27.19","26.83","27.29","26.71","","3.86%"
"20/10/2023","26.18","26.55","26.56","25.81","","1.39%"
"19/10/2023","25.82","24.96","25.82","24.92","","5.65%"
"18/10/2023","24.44","25.07","25.12","24.39","","-1.33%"
"17/10/2023","24.77","25.19","25.29","24.29","","-4.07%"
"16/10/2023","25.82","25.69","26.06","25.26","","3.69%"
"13/10/2023","24.90","24.14","24.91","23.23","","3.02%"
"12/10/2023","24.17","24.71","24.71","23.91","","-2.81%"
"11/10/2023","24.87","25.48","25.48","24.07","","-2.51%"
"10/10/2023","25.51","26.00","26.03","25.20","","-3.37%"
"09/10/2023","26.40","25.96","26.76","25.81","","3.08%"
"06/10/2023","25.61","25.60","25.80","25.33","","-1.46%"
"05/10/2023","25.99","26.29","26.31","25.60","","-2.15%"
"04/10/2023","26.56","26.34","27.15","25.96","","1.07%"
"03/10/2023","26.28","25.25","26.43","25.25","","13.96%"
"29/09/2023","23.06","23.21","25.78","23.06","","-3.35%"
"28/09/2023","23.86","23.26","24.05","22.81","","2.40%"
"27/09/2023","23.30","23.96","23.96","23.18","","-2.27%"
"26/09/2023","23.84","22.90","24.25","22.24","","4.01%"
"25/09/2023","22.92","22.32","23.27","22.32","","2.23%"
"22/09/2023","22.42","22.38","23.24","21.88","","0.99%"
"21/09/2023","22.20","22.33","22.61","22.10","","1.56%"
"20/09/2023","21.86","21.90","21.98","21.73","","-0.82%"
"19/09/2023","22.04","22.22","22.95","21.88","","-1.61%"
"18/09/2023","22.40","22.33","23.20","22.11","","5.46%"
"15/09/2023","21.24","22.25","22.58","21.24","","-4.80%"
"14/09/2023","22.31","22.52","22.63","22.20","","-2.75%"
"13/09/2023","22.94","23.12","23.16","22.62","","-1.76%"
"12/09/2023","23.35","24.10","24.33","23.32","","-3.79%"
"11/09/2023","24.27","24.72","25.01","23.65","","-0.41%"
"07/09/2023","24.37","24.38","24.79","23.94","","-0.98%"
"06/09/2023","24.61","24.70","24.93","23.97","","-2.96%"
"05/09/2023","25.36","25.26","25.46","24.58","","-0.55%"
"04/09/2023","25.50","25.63","26.42","25.00","","-0.12%"
"31/08/2023","25.53","26.04","26.23","25.06","","-3.51%"
"30/08/2023","26.46","27.75","27.76","25.73","","-5.23%"
"29/08/2023","27.92","28.25","28.33","27.33","","-2.21%"
"28/08/2023","28.55","28.99","29.19","28.52","","0.04%"
"25/08/2023","28.54","28.14","28.71","27.59","","5.04%"
"24/08/2023","27.17","27.46","27.47","26.42","","-1.91%"
"23/08/2023","27.70","29.28","29.28","27.14","","-6.10%"
"22/08/2023","29.50","28.99","30.34","28.45","","-6.44%"
"21/08/2023","31.53","30.17","31.68","27.93","","12.73%"
"18/08/2023","27.97","27.45","28.00","25.93","","3.40%"
"17/08/2023","27.05","27.30","27.87","26.28","","2.70%"
"16/08/2023","26.34","26.40","26.47","25.52","","2.17%"
"15/08/2023","25.78","24.97","25.99","24.97","","1.98%"
"14/08/2023","25.28","25.35","26.14","25.12","","7.62%"
"11/08/2023","23.49","23.84","24.18","23.45","","-2.21%"
"10/08/2023","24.02","23.89","24.45","23.55","","1.35%"
"09/08/2023","23.70","24.52","24.57","23.56","","-1.99%"
"08/08/2023","24.18","24.08","24.56","23.52","","-1.79%"
"07/08/2023","24.62","25.21","25.40","24.32","","-1.72%"
"04/08/2023","25.05","25.54","26.05","24.73","","-0.60%"
"03/08/2023","25.20","24.96","25.33","24.38","","-0.16%"
"02/08/2023","25.24","24.69","25.24","23.61","","0.48%"
"01/08/2023","25.12","25.73","26.18","24.98","","-5.03%"
"31/07/2023","26.45","27.22","28.04","26.45","","1.57%"
"28/07/2023","26.04","25.45","26.12","24.95","","2.60%"
"27/07/2023","25.38","25.35","25.89","24.96","","1.48%"
"26/07/2023","25.01","25.62","25.89","24.65","","-5.73%"
"25/07/2023","26.53","25.75","26.67","25.20","","3.35%"
"24/07/2023","25.67","25.11","25.76","24.12","","6.96%"
"21/07/2023","24.00","23.68","24.15","23.57","","-1.28%"
"20/07/2023","24.31","23.97","24.34","23.35","","1.97%"
"19/07/2023","23.84","24.18","24.41","23.51","","0.46%"
"18/07/2023","23.73","23.69","23.89","23.19","","3.53%"
"17/07/2023","22.92","22.92","22.92","22.92","","0.00%"
"14/07/2023","22.92","23.20","23.53","22.49","","-3.45%"
"13/07/2023","23.74","23.58","24.36","23.38","","-0.13%"
"12/07/2023","23.77","23.73","24.21","23.52","","-0.21%"
"11/07/2023","23.82","24.20","24.42","23.56","","-2.34%"
"10/07/2023","24.39","24.49","24.74","23.89","","1.50%"
"07/07/2023","24.03","23.48","24.04","23.47","","2.56%"
"06/07/2023","23.43","22.60","23.86","22.28","","3.81%"
"05/07/2023","22.57","21.85","22.61","21.81","","2.36%"
"04/07/2023","22.05","22.19","22.44","21.78","","-2.30%"
"03/07/2023","22.57","22.20","22.70","21.99","","2.97%"
"30/06/2023","21.92","22.55","22.71","21.90","","-2.49%"
"29/06/2023","22.48","22.07","22.88","21.98","","1.03%"
"28/06/2023","22.25","22.92","22.92","21.96","","-3.05%"
"27/06/2023","22.95","23.16","23.57","22.69","","-3.61%"
"26/06/2023","23.81","24.34","25.28","23.58","","3.12%"
"23/06/2023","23.09","22.39","23.70","22.39","","3.40%"
"21/06/2023","22.33","22.19","22.51","21.63","","2.48%"
"20/06/2023","21.79","22.04","22.06","21.42","","-1.22%"
"19/06/2023","22.06","22.25","22.31","21.95","","0.46%"
"16/06/2023","21.96","21.79","22.73","21.49","","0.92%"
"15/06/2023","21.76","21.47","21.82","21.01","","2.45%"
"14/06/2023","21.24","21.82","21.98","20.99","","-3.10%"
"13/06/2023","21.92","21.86","22.03","21.39","","1.01%"
"12/06/2023","21.70","22.31","22.33","21.70","","-0.05%"
"09/06/2023","21.71","22.71","22.78","21.70","","-4.49%"
"08/06/2023","22.73","23.13","23.48","22.51","","-1.47%"
"07/06/2023","23.07","23.22","23.39","22.81","","0.04%"
"06/06/2023","23.06","22.93","23.49","22.68","","-0.47%"
"05/06/2023","23.17","24.27","24.44","23.14","","-2.77%"
"02/06/2023","23.83","23.96","24.53","23.71","","-2.85%"
"01/06/2023","24.53","25.34","25.52","24.33","","-3.58%"
"31/05/2023","25.44","24.76","26.32","24.76","","3.96%"
"30/05/2023","24.47","25.31","25.44","24.37","","-4.23%"
"29/05/2023","25.55","24.65","25.55","24.13","","2.69%"
"25/05/2023","24.88","24.21","25.69","22.94","","7.24%"
"24/05/2023","23.20","22.88","23.81","22.35","","6.62%"
"23/05/2023","21.76","21.76","21.99","21.05","","-1.23%"
"22/05/2023","22.03","22.85","22.93","22.01","","-1.43%"
"19/05/2023","22.35","22.24","22.67","22.11","","2.48%"
"18/05/2023","21.81","21.98","22.03","21.64","","-2.02%"
"17/05/2023","22.26","21.54","22.30","21.19","","3.97%"
"16/05/2023","21.41","21.97","22.02","21.30","","-1.74%"
"15/05/2023","21.79","21.97","22.30","21.39","","2.88%"
"12/05/2023","21.18","21.76","21.89","20.94","","-1.30%"
"11/05/2023","21.46","22.18","22.23","21.45","","-4.28%"
"10/05/2023","22.42","22.50","22.75","22.36","","-2.01%"
"09/05/2023","22.88","22.62","22.95","21.77","","0.48%"
"08/05/2023","22.77","23.27","23.35","22.77","","-2.61%"
"05/05/2023","23.38","23.05","23.41","22.85","","0.91%"
"04/05/2023","23.17","23.05","23.53","23.05","","0.26%"
"03/05/2023","23.11","22.79","23.40","22.75","","3.26%"
"02/05/2023","22.38","22.74","23.31","22.38","","2.33%"
"28/04/2023","21.87","22.19","22.72","21.62","","-3.57%"
"27/04/2023","22.68","22.81","22.94","22.21","","-1.09%"
"26/04/2023","22.93","22.69","23.04","22.31","","1.73%"
"25/04/2023","22.54","21.47","22.81","21.39","","2.18%"
"24/04/2023","22.06","22.19","22.49","21.51","","0.73%"
"21/04/2023","21.90","21.76","22.09","21.10","","0.41%"
"20/04/2023","21.81","22.26","22.34","21.67","","-3.24%"
"19/04/2023","22.54","22.00","22.56","21.93","","1.85%"
"18/04/2023","22.13","22.69","22.87","22.04","","-3.28%"
"17/04/2023","22.88","23.03","23.17","22.33","","1.73%"
"14/04/2023","22.49","23.12","23.15","22.23","","-4.05%"
"13/04/2023","23.44","24.60","24.76","23.42","","-4.37%"
"12/04/2023","24.51","24.67","24.67","23.89","","-1.17%"
"11/04/2023","24.80","25.28","25.44","23.79","","1.93%"
"06/04/2023","24.33","24.77","24.85","24.02","","-0.82%"
"04/04/2023","24.53","24.67","24.99","24.33","","-2.58%"
"03/04/2023","25.18","25.62","25.77","25.12","","-1.02%"
"31/03/2023","25.44","25.79","26.30","25.44","","-2.45%"
"30/03/2023","26.08","26.77","26.78","25.71","","-3.80%"
"29/03/2023","27.11","27.87","27.87","26.87","","0.86%"
"28/03/2023","26.88","27.27","27.42","26.65","","-5.32%"
"27/03/2023","28.39","28.09","28.45","27.80","","5.81%"
"24/03/2023","26.83","27.00","27.13","26.75","","-0.56%"
"23/03/2023","26.98","27.39","27.39","26.26","","-3.95%"
"22/03/2023","28.09","28.19","28.30","27.00","","-5.23%"
"21/03/2023","29.64","30.29","30.29","29.48","","-4.66%"
"20/03/2023","31.09","29.05","32.38","28.37","","11.04%"
"17/03/2023","28.00","28.49","28.72","28.00","","-7.44%"
"16/03/2023","30.25","29.81","30.64","29.70","","7.23%"
"15/03/2023","28.21","29.08","29.16","28.12","","-9.44%"
"14/03/2023","31.15","29.11","31.37","28.90","","10.62%"
"13/03/2023","28.16","28.00","28.19","27.84","","2.81%"
"10/03/2023","27.39","26.41","27.54","26.28","","7.41%"
"09/03/2023","25.50","25.62","25.70","25.16","","-1.39%"
"08/03/2023","25.86","25.69","26.14","25.61","","3.23%"
"07/03/2023","25.05","25.23","25.27","24.57","","-1.69%"
"06/03/2023","25.48","25.90","26.00","25.47","","-0.89%"
"03/03/2023","25.71","25.95","26.14","25.58","","-2.83%"
"02/03/2023","26.46","26.42","26.51","26.10","","-3.61%"
"01/03/2023","27.45","26.75","27.52","26.34","","0.92%"
"28/02/2023","27.20","26.85","27.31","26.49","","-2.19%"
"27/02/2023","27.81","28.77","28.77","27.58","","1.53%"
"24/02/2023","27.39","26.67","28.04","26.57","","5.27%"
"23/02/2023","26.02","27.37","27.37","25.89","","-0.84%"
"22/02/2023","26.24","26.13","27.11","25.89","","4.00%"
"21/02/2023","25.23","24.71","25.24","24.37","","3.15%"
"20/02/2023","24.46","24.70","24.89","24.40","","0.78%"
"17/02/2023","24.27","24.52","24.66","23.60","","0.91%"
"16/02/2023","24.05","23.83","24.28","23.60","","-1.96%"
"15/02/2023","24.53","24.43","24.90","24.33","","-2.43%"
"14/02/2023","25.14","25.55","25.67","25.11","","-1.64%"
"13/02/2023","25.56","26.14","26.23","25.46","","2.94%"
"10/02/2023","24.83","24.12","25.07","24.06","","3.63%"
"09/02/2023","23.96","24.23","24.23","23.54","","0.21%"
"08/02/2023","23.91","24.27","24.82","23.91","","-3.78%"
"07/02/2023","24.85","25.03","25.14","24.59","","-3.19%"
"06/02/2023","25.67","25.52","26.03","25.24","","7.32%"
"03/02/2023","23.92","23.47","24.37","22.76","","3.82%"
"02/02/2023","23.04","22.96","23.23","22.61","","-2.74%"
"01/02/2023","23.69","23.63","24.16","23.44","","-4.40%"
"31/01/2023","24.78","24.22","25.60","23.98","","-0.48%"
"30/01/2023","24.90","23.05","24.91","23.05","","10.91%"
"27/01/2023","22.45","22.78","22.87","22.36","","-2.18%"
"26/01/2023","22.95","23.54","23.54","22.59","","2.78%"
"20/01/2023","22.33","22.31","23.03","22.06","","0.22%"
"19/01/2023","22.28","22.56","22.78","22.14","","1.23%"
"18/01/2023","22.01","22.60","22.66","21.93","","-2.91%"
"17/01/2023","22.67","22.76","22.93","22.50","","-0.44%"
"16/01/2023","22.77","23.11","23.17","22.38","","0.44%"
"13/01/2023","22.67","23.79","23.80","22.61","","-8.22%"
"12/01/2023","24.70","24.82","24.87","24.01","","-0.48%"
"11/01/2023","24.82","25.52","25.53","24.54","","-5.73%"
"10/01/2023","26.33","27.73","27.75","25.89","","-5.53%"
"09/01/2023","27.87","27.48","28.60","27.39","","-0.54%"
"06/01/2023","28.02","27.82","28.45","27.73","","-4.34%"
"05/01/2023","29.29","29.08","29.76","29.02","","-1.08%"
"04/01/2023","29.61","29.90","30.04","29.21","","-2.24%"
"03/01/2023","30.29","30.54","31.13","29.82","","5.32%"
"30/12/2022","28.76","28.27","28.79","28.06","","-1.44%"
"29/12/2022","29.18","29.42","29.81","29.03","","-0.65%"
"28/12/2022","29.37","28.50","29.45","28.10","","3.31%"
"23/12/2022","28.43","32.41","32.41","27.29","","0.39%"
"22/12/2022","28.32","27.61","29.37","27.13","","3.58%"
"21/12/2022","27.34","28.25","28.28","27.09","","-4.31%"
"20/12/2022","28.57","28.37","29.47","27.39","","0.11%"
"19/12/2022","28.54","28.40","28.97","27.72","","1.53%"
"16/12/2022","28.11","27.36","28.57","27.28","","-0.53%"
"15/12/2022","28.26","27.63","29.50","27.63","","-5.14%"
"14/12/2022","29.79","30.90","31.17","29.07","","-7.91%"
"13/12/2022","32.35","30.94","32.86","30.93","","-0.19%"
"12/12/2022","32.41","30.35","32.47","30.35","","2.30%"
"09/12/2022","31.68","30.01","31.93","30.01","","2.16%"
"08/12/2022","31.01","30.65","31.19","29.48","","-2.85%"
"07/12/2022","31.92","31.80","32.34","29.73","","-1.05%"
"06/12/2022","32.26","32.66","33.52","31.88","","-6.11%"
"05/12/2022","34.36","33.00","34.72","32.80","","5.56%"
"02/12/2022","32.55","31.91","33.34","31.78","","-2.95%"
"01/12/2022","33.54","34.36","35.64","33.48","","-2.81%"
"30/11/2022","34.51","33.51","34.73","31.87","","0.55%"
"29/11/2022","34.32","32.10","34.32","31.38","","5.73%"
"28/11/2022","32.46","31.54","33.62","31.54","","9.44%"
"25/11/2022","29.66","29.68","30.13","29.48","","-2.21%"
"24/11/2022","30.33","31.68","32.10","30.31","","-2.79%"
"23/11/2022","31.20","31.39","32.59","30.55","","-4.94%"
"22/11/2022","32.82","34.01","34.08","32.30","","-5.69%"
"21/11/2022","34.80","36.07","36.55","34.66","","-0.17%"
"18/11/2022","34.86","35.40","36.95","34.85","","-5.25%"
"17/11/2022","36.79","37.46","38.18","36.06","","-3.11%"
"16/11/2022","37.97","37.95","38.74","36.33","","-1.58%"
"15/11/2022","38.58","36.67","38.58","35.79","","1.61%"
"14/11/2022","37.97","36.93","38.57","36.53","","1.74%"
"11/11/2022","37.32","33.91","38.17","33.75","","3.90%"
"10/11/2022","35.92","33.64","36.21","33.64","","2.80%"
"09/11/2022","34.94","35.71","35.72","34.45","","-3.37%"
"08/11/2022","36.16","37.40","37.42","36.16","","-4.01%"
"07/11/2022","37.67","38.80","39.23","37.10","","-0.19%"
"04/11/2022","37.74","35.97","39.28","35.91","","1.86%"
"03/11/2022","37.05","36.53","37.12","36.03","","1.31%"
"02/11/2022","36.57","37.78","37.78","36.28","","-3.84%"
"01/11/2022","38.03","38.52","38.83","37.28","","-3.65%"
"31/10/2022","39.47","38.58","41.44","38.35","","-0.58%"
"28/10/2022","39.70","35.75","40.99","34.90","","8.53%"
"27/10/2022","36.58","37.26","37.46","36.18","","-5.23%"
"26/10/2022","38.60","40.41","40.41","37.61","","-6.33%"
"25/10/2022","41.21","43.49","45.11","40.99","","-4.43%"
"24/10/2022","43.12","36.76","43.54","36.19","","22.85%"
"21/10/2022","35.10","34.85","35.21","34.45","","-0.65%"
"20/10/2022","35.33","35.27","36.15","33.78","","5.46%"
"19/10/2022","33.50","33.40","33.61","27.56","","-0.48%"
"18/10/2022","33.66","33.03","34.81","32.58","","-6.03%"
"17/10/2022","35.82","32.76","37.82","32.76","","-1.46%"
"14/10/2022","36.35","36.29","36.52","34.80","","-3.63%"
"13/10/2022","37.72","36.65","37.91","36.32","","4.14%"
"12/10/2022","36.22","35.89","37.78","34.86","","0.64%"
"11/10/2022","35.99","33.52","35.99","33.42","","7.69%"
"10/10/2022","33.42","32.61","33.66","32.16","","11.62%"
"07/10/2022","29.94","29.82","30.33","29.60","","2.78%"
"06/10/2022","29.13","29.34","29.51","28.96","","-1.02%"
"05/10/2022","29.43","30.27","30.75","28.90","","-11.86%"
"03/10/2022","33.39","34.57","34.66","33.23","","2.24%"
"30/09/2022","32.66","33.16","35.46","32.46","","-6.04%"
"29/09/2022","34.76","31.01","35.12","30.51","","4.76%"
"28/09/2022","33.18","30.58","33.38","30.50","","12.51%"
"27/09/2022","29.49","29.68","30.39","29.25","","-1.34%"
"26/09/2022","29.89","30.63","30.71","29.25","","7.02%"
"23/09/2022","27.93","27.63","28.14","27.38","","0.58%"
"22/09/2022","27.77","28.78","29.32","27.76","","-0.04%"
"21/09/2022","27.78","27.38","27.92","26.95","","4.75%"
"20/09/2022","26.52","26.70","26.75","26.38","","-2.89%"
"19/09/2022","27.31","27.52","28.11","27.12","","3.06%"
"16/09/2022","26.50","26.12","26.54","25.94","","3.15%"
"15/09/2022","25.69","26.14","26.14","25.64","","-3.53%"
"14/09/2022","26.63","26.29","27.59","26.29","","3.22%"
"13/09/2022","25.80","25.98","26.33","25.39","","1.42%"
"09/09/2022","25.44","26.29","26.29","25.36","","-5.04%"
"08/09/2022","26.79","26.48","26.86","26.11","","0.41%"
"07/09/2022","26.68","27.49","27.59","26.67","","1.18%"
"06/09/2022","26.37","26.64","27.02","26.24","","-3.55%"
"05/09/2022","27.34","27.87","28.58","27.09","","3.44%"
"02/09/2022","26.43","26.11","27.04","25.89","","-0.30%"
"01/09/2022","26.51","25.55","26.60","25.15","","6.47%"
"31/08/2022","24.90","25.91","25.92","24.67","","-0.24%"
"30/08/2022","24.96","24.99","26.59","24.90","","-2.31%"
"29/08/2022","25.55","26.25","26.49","25.54","","4.37%"
"26/08/2022","24.48","23.97","24.66","23.97","","1.03%"
"25/08/2022","24.23","23.72","24.59","23.33","","-0.98%"
"24/08/2022","24.47","23.72","24.84","23.72","","2.17%"
"23/08/2022","23.95","23.75","24.57","23.24","","2.05%"
"22/08/2022","23.47","24.73","24.73","23.16","","1.29%"
"19/08/2022","23.17","23.99","24.07","22.99","","-2.89%"
"18/08/2022","23.86","23.86","24.20","23.59","","0.55%"
"17/08/2022","23.73","23.97","24.21","23.50","","-2.39%"
"16/08/2022","24.31","23.82","24.91","23.31","","2.01%"
"15/08/2022","23.83","24.24","24.42","23.76","","2.76%"
"12/08/2022","23.19","23.52","23.84","23.18","","-2.60%"
"11/08/2022","23.81","24.46","24.62","23.77","","-6.77%"
"10/08/2022","25.54","23.86","26.54","23.55","","8.91%"
"09/08/2022","23.45","24.42","24.82","23.43","","-4.83%"
"08/08/2022","24.64","24.84","25.18","24.61","","2.71%"
"05/08/2022","23.99","25.11","25.14","23.99","","-5.29%"
"04/08/2022","25.33","25.34","25.74","25.18","","-5.80%"
"03/08/2022","26.89","26.99","27.41","26.11","","-7.21%"
"02/08/2022","28.98","27.63","29.81","27.63","","12.72%"
"01/08/2022","25.71","26.37","26.75","25.38","","4.13%"
"29/07/2022","24.69","22.81","25.25","22.17","","3.65%"
"28/07/2022","23.82","24.97","24.99","23.74","","-5.40%"
"27/07/2022","25.18","25.56","25.56","24.86","","-0.43%"
"26/07/2022","25.29","26.62","26.65","25.13","","-5.49%"
"25/07/2022","26.76","28.36","28.63","26.66","","0.07%"
"22/07/2022","26.74","27.26","27.36","26.73","","-3.36%"
"21/07/2022","27.67","27.66","27.72","27.04","","1.17%"
"20/07/2022","27.35","27.99","28.02","27.27","","-5.17%"
"19/07/2022","28.84","29.40","29.46","28.66","","-1.06%"
"18/07/2022","29.15","30.04","30.60","29.12","","-2.74%"
"15/07/2022","29.97","29.01","30.28","27.89","","4.43%"
"14/07/2022","28.70","28.90","29.29","28.08","","0.00%"
"13/07/2022","28.70","28.93","28.98","28.30","","-1.58%"
"12/07/2022","29.16","28.87","29.27","28.46","","2.46%"
"11/07/2022","28.46","27.76","28.81","27.72","","8.13%"
"08/07/2022","26.32","27.77","27.77","26.24","","-5.76%"
"07/07/2022","27.93","28.81","29.03","27.93","","-2.95%"
"06/07/2022","28.78","29.28","29.87","28.66","","-2.21%"
"05/07/2022","29.43","29.53","29.80","29.32","","-2.78%"
"04/07/2022","30.27","31.45","31.91","30.23","","-1.37%"
"30/06/2022","30.69","30.57","31.29","29.91","","-0.36%"
"29/06/2022","30.80","30.56","31.01","30.30","","1.25%"
"28/06/2022","30.42","30.48","30.92","29.99","","-1.93%"
"27/06/2022","31.02","30.15","31.36","30.15","","3.99%"
"24/06/2022","29.83","29.90","30.10","29.56","","0.54%"
"23/06/2022","29.67","29.56","29.79","29.22","","-1.00%"
"22/06/2022","29.97","29.01","30.10","28.90","","3.34%"
"21/06/2022","29.00","30.10","30.16","28.85","","-5.10%"
"20/06/2022","30.56","31.61","32.05","30.56","","-1.64%"
"17/06/2022","31.07","32.03","32.03","31.06","","-1.83%"
"16/06/2022","31.65","29.49","31.94","29.45","","2.23%"
"15/06/2022","30.96","30.95","31.05","29.76","","-0.48%"
"14/06/2022","31.11","32.54","32.59","30.20","","-1.36%"
"13/06/2022","31.54","30.80","31.60","29.04","","13.95%"
"10/06/2022","27.68","28.46","28.46","27.29","","0.87%"
"09/06/2022","27.44","27.49","28.02","27.44","","-1.33%"
"08/06/2022","27.81","27.89","28.11","27.71","","-0.64%"
"07/06/2022","27.99","28.27","28.43","27.86","","-0.96%"
"06/06/2022","28.26","28.06","28.56","27.59","","2.35%"
"02/06/2022","27.61","27.39","27.71","27.27","","2.03%"
"01/06/2022","27.06","27.43","27.68","27.03","","-1.49%"
"31/05/2022","27.47","27.69","27.74","27.21","","-0.97%"
"30/05/2022","27.74","28.37","28.48","27.61","","-2.19%"
"27/05/2022","28.36","28.81","29.21","28.25","","-7.08%"
"26/05/2022","30.52","31.09","32.51","30.45","","-2.59%"
"25/05/2022","31.33","32.25","33.32","30.44","","-1.97%"
"24/05/2022","31.96","31.54","32.34","31.12","","1.08%"
"23/05/2022","31.62","26.42","32.48","26.42","","0.38%"
"20/05/2022","31.50","31.33","31.74","31.02","","-3.70%"
"19/05/2022","32.71","33.44","33.51","32.19","","6.03%"
"18/05/2022","30.85","31.53","31.79","30.85","","-3.29%"
"17/05/2022","31.90","31.57","32.33","31.13","","-3.13%"
"16/05/2022","32.93","32.61","33.55","32.61","","-0.78%"
"13/05/2022","33.19","34.23","34.30","32.96","","-6.16%"
"12/05/2022","35.37","34.91","35.76","33.84","","2.88%"
"11/05/2022","34.38","35.85","35.85","34.23","","-3.29%"
"10/05/2022","35.55","36.11","37.96","34.61","","7.89%"
"06/05/2022","32.95","32.17","33.62","31.89","","11.28%"
"05/05/2022","29.61","28.96","29.73","28.81","","-2.79%"
"04/05/2022","30.46","30.73","31.01","30.30","","-2.75%"
"03/05/2022","31.32","31.99","32.76","31.19","","-0.60%"
"29/04/2022","31.51","31.07","31.89","29.68","","0.22%"
"28/04/2022","31.44","32.87","33.24","28.95","","-6.71%"
"27/04/2022","33.70","35.08","35.08","30.41","","-1.06%"
"26/04/2022","34.06","34.61","34.78","31.63","","-3.05%"
"25/04/2022","35.13","33.60","36.19","32.10","","21.35%"
"22/04/2022","28.95","30.47","30.83","28.48","","0.14%"
"21/04/2022","28.91","28.26","29.75","27.36","","4.14%"
"20/04/2022","27.76","28.63","28.72","26.88","","-5.16%"
"19/04/2022","29.27","29.24","30.45","28.59","","5.71%"
"14/04/2022","27.69","28.04","28.28","27.53","","-3.59%"
"13/04/2022","28.72","30.37","30.52","27.94","","-6.08%"
"12/04/2022","30.58","30.82","31.70","29.80","","-2.92%"
"11/04/2022","31.50","28.33","32.01","28.33","","16.36%"
"08/04/2022","27.07","27.61","28.08","27.05","","-2.73%"
"07/04/2022","27.83","27.53","28.29","26.70","","3.19%"
"06/04/2022","26.97","25.56","27.01","25.56","","7.45%"
"05/04/2022","25.10","25.10","25.10","25.10","","0.00%"
"04/04/2022","25.10","25.10","25.10","25.10","","-2.75%"
"01/04/2022","25.81","27.66","27.79","25.65","","-0.04%"
"31/03/2022","25.82","26.76","27.65","25.75","","-3.51%"
"30/03/2022","26.76","27.18","27.28","26.02","","-5.01%"
"29/03/2022","28.17","28.90","28.91","28.00","","-6.60%"
"28/03/2022","30.16","32.06","32.48","29.98","","-4.44%"
"25/03/2022","31.56","29.26","32.36","28.42","","9.93%"
"24/03/2022","28.71","28.87","28.89","27.29","","1.52%"
"23/03/2022","28.28","29.21","29.38","27.93","","-5.95%"
"22/03/2022","30.07","33.05","33.06","29.74","","-11.27%"
"21/03/2022","33.89","33.96","34.81","33.64","","2.05%"
"18/03/2022","33.21","37.25","37.25","33.17","","-11.63%"
"17/03/2022","37.58","43.26","43.26","36.93","","-8.56%"
"16/03/2022","41.10","41.91","45.16","39.72","","-16.87%"
"15/03/2022","49.44","41.95","50.83","40.45","","30.04%"
"14/03/2022","38.02","34.28","38.51","34.28","","19.75%"
"11/03/2022","31.75","32.27","34.10","30.86","","4.27%"
"10/03/2022","30.45","30.72","31.32","29.84","","-6.60%"
"09/03/2022","32.60","32.11","36.38","31.45","","-3.86%"
"08/03/2022","33.91","32.49","34.83","31.46","","1.86%"
"07/03/2022","33.29","33.16","35.80","31.81","","19.15%"
"04/03/2022","27.94","28.53","28.87","27.19","","7.67%"
"03/03/2022","25.95","26.44","26.85","25.76","","-6.69%"
"02/03/2022","27.81","26.97","28.29","26.43","","9.19%"
"01/03/2022","25.47","26.45","26.45","25.12","","-5.63%"
"28/02/2022","26.99","27.16","28.65","26.86","","1.58%"
"25/02/2022","26.57","25.90","27.10","25.82","","-9.87%"
"24/02/2022","29.48","27.97","31.59","27.23","","16.38%"
"23/02/2022","25.33","26.01","26.10","25.12","","-7.96%"
"22/02/2022","27.52","27.15","28.67","26.37","","12.65%"
"21/02/2022","24.43","25.62","25.66","24.35","","-2.32%"
"18/02/2022","25.01","25.02","25.09","24.15","","5.88%"
"17/02/2022","23.62","23.59","24.60","23.22","","-0.04%"
"16/02/2022","23.63","23.98","24.10","23.35","","-6.75%"
"15/02/2022","25.34","25.03","25.94","24.81","","0.44%"
"14/02/2022","25.23","25.06","25.76","24.83","","8.75%"
"11/02/2022","23.20","23.16","23.53","22.56","","4.93%"
"10/02/2022","22.11","22.05","22.44","21.77","","-0.54%"
"09/02/2022","22.23","22.21","22.28","21.98","","-1.38%"
"08/02/2022","22.54","22.87","23.29","22.53","","-2.80%"
"07/02/2022","23.19","23.47","23.92","23.19","","1.18%"
"04/02/2022","22.92","23.18","23.57","22.58","","-5.45%"
"31/01/2022","24.24","25.39","25.83","24.00","","-4.30%"
"28/01/2022","25.33","24.82","25.45","24.35","","-1.71%"
"27/01/2022","25.77","24.95","27.02","24.67","","8.23%"
"26/01/2022","23.81","23.74","24.00","23.29","","-1.73%"
"25/01/2022","24.23","23.40","25.02","23.23","","10.69%"
"24/01/2022","21.89","21.82","21.97","21.30","","7.20%"
"21/01/2022","20.42","19.95","20.99","19.69","","6.74%"
"20/01/2022","19.13","18.94","19.28","18.94","","-0.26%"
"19/01/2022","19.18","18.96","19.81","18.81","","2.57%"
"18/01/2022","18.70","18.43","18.95","18.26","","-0.74%"
"17/01/2022","18.84","19.10","19.25","18.80","","2.34%"
"14/01/2022","18.41","18.68","18.73","18.19","","1.49%"
"13/01/2022","18.14","18.14","18.45","18.10","","-2.89%"
"12/01/2022","18.68","18.07","18.90","17.91","","0.76%"
"11/01/2022","18.54","19.09","19.09","18.22","","-0.59%"
"10/01/2022","18.65","19.20","19.22","18.49","","0.11%"
"07/01/2022","18.63","19.20","19.41","18.50","","-4.07%"
"06/01/2022","19.42","19.79","20.41","19.08","","-3.19%"
"05/01/2022","20.06","18.69","20.12","18.68","","7.16%"
"04/01/2022","18.72","18.99","19.20","18.46","","-3.60%"
"03/01/2022","19.42","19.40","19.98","19.35","","-0.66%"
"31/12/2021","19.55","19.25","19.67","19.24","","-3.03%"
"30/12/2021","20.16","20.28","20.46","19.82","","-3.49%"
"29/12/2021","20.89","20.09","21.07","20.09","","2.50%"
"28/12/2021","20.38","20.37","20.74","20.21","","2.46%"
"24/12/2021","19.89","19.56","20.11","19.54","","-0.15%"
"23/12/2021","19.92","20.25","20.53","19.76","","-3.63%"
"22/12/2021","20.67","21.08","21.27","20.66","","-4.75%"
"21/12/2021","21.70","22.98","23.03","21.40","","-8.90%"
"20/12/2021","23.82","22.47","24.32","22.26","","11.41%"
"17/12/2021","21.38","20.38","21.56","20.33","","6.85%"
"16/12/2021","20.01","20.58","21.21","19.89","","-4.07%"
"15/12/2021","20.86","20.63","21.16","20.01","","1.21%"
"14/12/2021","20.61","20.24","20.74","19.49","","5.91%"
"13/12/2021","19.46","19.46","19.58","19.11","","-2.06%"
"10/12/2021","19.87","20.71","20.71","19.66","","0.05%"
"09/12/2021","19.86","20.02","20.22","19.79","","-6.76%"
"08/12/2021","21.30","21.67","21.84","21.15","","-5.79%"
"07/12/2021","22.61","23.26","23.81","22.30","","-11.12%"
"06/12/2021","25.44","25.07","25.66","24.60","","10.37%"
"03/12/2021","23.05","24.19","24.85","23.03","","-1.79%"
"02/12/2021","23.47","24.25","24.25","22.91","","0.60%"
"01/12/2021","23.33","23.38","23.45","22.24","","-3.83%"
"30/11/2021","24.26","22.85","26.99","22.59","","-2.69%"
"29/11/2021","24.93","25.04","25.40","23.53","","4.35%"
"26/11/2021","23.89","20.65","23.98","20.56","","23.34%"
"25/11/2021","19.37","20.21","20.39","19.31","","-3.30%"
"24/11/2021","20.03","20.29","20.44","19.75","","-2.10%"
"23/11/2021","20.46","20.31","20.49","19.95","","4.33%"
"22/11/2021","19.61","19.89","19.97","19.60","","1.40%"
"19/11/2021","19.34","20.11","20.14","19.32","","1.42%"
"18/11/2021","19.07","19.13","19.49","18.81","","2.14%"
"17/11/2021","18.67","19.13","19.23","18.60","","-1.48%"
"16/11/2021","18.95","19.40","19.43","18.78","","-3.32%"
"15/11/2021","19.60","20.26","20.27","19.60","","-0.36%"
"12/11/2021","19.67","19.75","19.99","19.41","","-1.60%"
"11/11/2021","19.99","20.36","20.39","19.65","","-0.94%"
"10/11/2021","20.18","20.59","21.28","20.00","","0.60%"
"09/11/2021","20.06","20.54","20.92","20.03","","-3.51%"
"08/11/2021","20.79","21.05","21.41","20.73","","4.00%"
"05/11/2021","19.99","20.14","20.58","19.41","","4.39%"
"04/11/2021","19.15","19.91","20.15","19.10","","-5.39%"
"03/11/2021","20.24","20.12","20.76","19.84","","-0.44%"
"02/11/2021","20.33","19.06","20.66","19.02","","1.50%"
"01/11/2021","20.03","20.36","21.08","19.92","","3.46%"
"29/10/2021","19.36","19.44","19.98","19.10","","1.47%"
"28/10/2021","19.08","19.01","19.44","18.58","","-0.26%"
"27/10/2021","19.13","19.85","20.25","19.12","","2.96%"
"26/10/2021","18.58","18.84","18.99","18.39","","-0.91%"
"25/10/2021","18.75","19.86","20.35","18.69","","-3.20%"
"22/10/2021","19.37","20.12","20.31","19.31","","-3.97%"
"21/10/2021","20.17","20.49","21.18","19.94","","-0.25%"
"20/10/2021","20.22","20.49","20.63","20.06","","-1.32%"
"19/10/2021","20.49","20.80","20.81","20.29","","-3.94%"
"18/10/2021","21.33","22.50","23.06","21.28","","-1.75%"
"15/10/2021","21.71","22.97","23.39","21.71","","-9.80%"
"13/10/2021","24.07","24.07","24.07","24.07","","0.00%"
"12/10/2021","24.07","24.17","24.54","23.29","","2.64%"
"11/10/2021","23.45","23.67","23.97","23.26","","-2.58%"
"08/10/2021","24.07","23.74","24.59","23.72","","-0.78%"
"07/10/2021","24.26","25.01","25.10","24.04","","-8.56%"
"06/10/2021","26.53","26.52","28.16","26.04","","-1.30%"
"05/10/2021","26.88","29.08","29.26","26.35","","-2.29%"
"04/10/2021","27.51","26.67","28.28","26.36","","11.51%"
"30/09/2021","24.67","25.32","25.65","24.00","","-1.28%"
"29/09/2021","24.99","27.37","27.53","24.72","","-2.04%"
"28/09/2021","25.51","26.21","26.51","24.26","","-3.88%"
"27/09/2021","26.54","27.28","27.28","25.56","","-4.36%"
"24/09/2021","27.75","26.59","28.31","25.24","","4.52%"
"23/09/2021","26.55","26.61","27.60","25.18","","-7.49%"
"21/09/2021","28.70","31.81","32.30","28.55","","-3.82%"
"20/09/2021","29.84","26.34","31.27","26.34","","23.61%"
"17/09/2021","24.14","25.19","26.31","24.13","","-4.13%"
"16/09/2021","25.18","23.83","26.08","23.77","","6.47%"
"15/09/2021","23.65","22.85","23.65","22.21","","7.30%"
"14/09/2021","22.04","20.68","22.44","20.63","","4.41%"
"13/09/2021","21.11","21.52","22.00","21.09","","6.99%"
"10/09/2021","19.73","20.88","20.88","19.72","","-9.50%"
"09/09/2021","21.80","20.69","21.82","20.50","","10.60%"
"08/09/2021","19.71","18.85","19.80","18.42","","5.40%"
"07/09/2021","18.70","19.47","19.60","18.61","","-4.25%"
"06/09/2021","19.53","20.88","20.90","19.53","","-3.36%"
"03/09/2021","20.21","20.05","20.89","19.88","","2.28%"
"02/09/2021","19.76","19.92","20.36","19.41","","-3.28%"
"01/09/2021","20.43","22.25","22.53","20.21","","-7.68%"
"31/08/2021","22.13","22.71","24.38","21.93","","-4.78%"
"30/08/2021","23.24","23.68","24.61","23.16","","-2.80%"
"27/08/2021","23.91","23.86","24.30","22.70","","1.49%"
"26/08/2021","23.56","23.38","24.18","22.72","","1.99%"
"25/08/2021","23.10","22.77","24.17","22.34","","0.43%"
"24/08/2021","23.00","23.98","24.35","22.96","","-9.20%"
"23/08/2021","25.33","25.38","25.91","24.32","","-6.88%"
"20/08/2021","27.20","25.18","28.96","24.67","","10.03%"
"19/08/2021","24.72","22.62","25.35","22.04","","11.80%"
"18/08/2021","22.11","21.58","22.75","21.37","","-3.41%"
"17/08/2021","22.89","20.54","23.48","20.25","","10.79%"
"16/08/2021","20.66","20.25","21.59","19.45","","4.40%"
"13/08/2021","19.79","20.82","20.85","19.33","","0.05%"
"12/08/2021","19.78","20.20","20.49","19.13","","-1.00%"
"11/08/2021","19.98","21.52","21.52","19.86","","-4.90%"
"10/08/2021","21.01","21.65","23.07","20.97","","-7.32%"
"09/08/2021","22.67","24.44","24.97","21.70","","-0.53%"
"06/08/2021","22.79","23.59","24.23","22.52","","-0.91%"
"05/08/2021","23.00","22.53","23.49","21.41","","5.46%"
"04/08/2021","21.81","23.17","24.10","21.81","","-8.28%"
"03/08/2021","23.78","23.14","25.40","23.14","","0.98%"
"02/08/2021","23.55","24.52","26.32","23.06","","-6.29%"
"30/07/2021","25.13","26.13","26.91","23.96","","4.93%"
"29/07/2021","23.95","24.30","25.93","22.61","","-15.73%"
"28/07/2021","28.42","29.07","31.98","28.34","","-15.62%"
"27/07/2021","33.68","24.64","36.49","23.56","","34.13%"
"26/07/2021","25.11","23.09","25.38","22.02","","25.68%"
"23/07/2021","19.98","18.26","20.07","18.22","","8.12%"
"22/07/2021","18.48","18.86","18.86","17.96","","-6.81%"
"21/07/2021","19.83","18.88","20.67","18.88","","-0.60%"
"20/07/2021","19.95","19.49","20.51","18.88","","4.40%"
"19/07/2021","19.11","18.49","19.51","18.32","","15.61%"
"16/07/2021","16.53","17.17","17.23","16.45","","-2.42%"
"15/07/2021","16.94","17.19","17.27","16.51","","-1.51%"
"14/07/2021","17.20","17.01","17.53","17.01","","0.17%"
"13/07/2021","17.17","17.22","17.52","16.81","","-5.97%"
"12/07/2021","18.26","18.05","18.96","17.88","","-5.63%"
"09/07/2021","19.35","20.24","22.23","18.89","","-8.81%"
"08/07/2021","21.22","18.10","21.27","18.10","","18.02%"
"07/07/2021","17.98","18.13","18.54","17.68","","3.33%"
"06/07/2021","17.40","17.92","18.28","17.28","","-2.19%"
"05/07/2021","17.79","18.13","18.20","17.29","","2.30%"
"02/07/2021","17.39","16.48","17.61","16.48","","8.21%"
"30/06/2021","16.07","15.84","16.17","15.82","","-0.80%"
"29/06/2021","16.20","16.27","16.46","16.08","","-1.16%"
"28/06/2021","16.39","16.75","16.94","16.34","","-0.73%"
"25/06/2021","16.51","16.43","16.76","16.33","","-1.61%"
"24/06/2021","16.78","16.92","17.68","16.77","","-4.11%"
"23/06/2021","17.50","17.19","17.92","17.05","","-3.95%"
"22/06/2021","18.22","17.88","18.23","17.53","","0.77%"
"21/06/2021","18.08","18.77","19.27","18.08","","7.56%"
"18/06/2021","16.81","16.99","17.07","16.57","","-0.94%"
"17/06/2021","16.97","17.39","17.39","16.62","","-2.13%"
"16/06/2021","17.34","17.13","17.44","16.95","","2.36%"
"15/06/2021","16.94","16.34","17.38","16.15","","7.56%"
"11/06/2021","15.75","15.94","16.07","15.51","","-4.02%"
"10/06/2021","16.41","16.34","16.50","16.21","","0.18%"
"09/06/2021","16.38","16.67","16.72","16.32","","-0.36%"
"08/06/2021","16.44","16.81","16.95","16.40","","-2.49%"
"07/06/2021","16.86","16.79","17.60","16.68","","2.55%"
"04/06/2021","16.44","17.18","17.18","16.35","","-2.84%"
"03/06/2021","16.92","17.06","17.31","16.60","","0.12%"
"02/06/2021","16.90","17.44","17.60","16.78","","-1.52%"
"01/06/2021","17.16","17.04","17.23","16.73","","3.69%"
"31/05/2021","16.55","16.92","17.04","16.31","","1.85%"
"28/05/2021","16.25","16.73","17.01","16.11","","-0.91%"
"27/05/2021","16.40","16.47","16.67","16.32","","-1.91%"
"26/05/2021","16.72","16.59","17.01","16.59","","0.78%"
"25/05/2021","16.59","16.16","16.74","16.16","","-2.93%"
"24/05/2021","17.09","17.69","17.78","16.99","","-0.35%"
"21/05/2021","17.15","17.87","18.09","17.07","","-4.67%"
"20/05/2021","17.99","18.21","18.62","17.81","","2.74%"
"18/05/2021","17.51","17.78","18.05","17.51","","-4.73%"
"17/05/2021","18.38","18.97","18.97","18.14","","-2.60%"
"14/05/2021","18.87","19.07","19.93","18.80","","-7.55%"
"13/05/2021","20.41","20.09","20.45","18.98","","10.15%"
"12/05/2021","18.53","18.86","19.80","18.41","","-0.11%"
"11/05/2021","18.55","18.59","19.38","18.00","","7.35%"
"10/05/2021","17.28","17.50","17.70","17.07","","-0.35%"
"07/05/2021","17.34","17.03","17.51","17.03","","-1.03%"
"06/05/2021","17.52","17.57","17.80","17.38","","-1.57%"
"05/05/2021","17.80","17.54","17.96","17.07","","2.77%"
"04/05/2021","17.32","17.98","18.12","17.29","","-3.99%"
"03/05/2021","18.04","17.84","18.52","17.82","","6.81%"
"30/04/2021","16.89","16.72","17.22","16.71","","2.61%"
"29/04/2021","16.46","16.21","16.80","16.11","","1.48%"
"28/04/2021","16.22","17.06","17.09","16.21","","-5.04%"
"27/04/2021","17.08","17.59","17.71","17.07","","-2.62%"
"26/04/2021","17.54","18.01","18.20","17.51","","-1.46%"
"23/04/2021","17.80","18.36","18.39","17.65","","-3.10%"
"22/04/2021","18.37","18.85","19.09","18.36","","-6.75%"
"21/04/2021","19.70","20.49","20.49","19.52","","3.25%"
"20/04/2021","19.08","20.05","20.13","19.06","","-1.70%"
"19/04/2021","19.41","19.35","19.64","19.16","","3.30%"
"16/04/2021","18.79","18.97","19.08","18.08","","1.73%"
"15/04/2021","18.47","18.19","18.90","18.17","","2.38%"
"14/04/2021","18.04","17.80","18.36","17.69","","-0.22%"
"13/04/2021","18.08","17.48","18.19","17.23","","2.03%"
"12/04/2021","17.72","17.84","18.38","17.61","","3.63%"
"09/04/2021","17.10","17.28","17.83","17.10","","-0.87%"
"08/04/2021","17.25","17.65","17.70","17.17","","-5.74%"
"07/04/2021","18.30","18.71","18.76","18.03","","2.87%"
"01/04/2021","17.79","18.35","18.45","17.56","","-2.89%"
"31/03/2021","18.32","18.04","18.81","18.04","","-1.19%"
"30/03/2021","18.54","19.07","19.25","18.43","","-4.43%"
"29/03/2021","19.40","19.90","20.41","19.24","","1.20%"
"26/03/2021","19.17","19.27","19.99","18.80","","-4.34%"
"25/03/2021","20.04","22.43","23.10","19.98","","-7.27%"
"24/03/2021","21.61","20.52","22.06","20.52","","1.79%"
"23/03/2021","21.23","20.21","21.54","20.21","","0.90%"
"22/03/2021","21.04","21.59","21.64","20.83","","0.14%"
"19/03/2021","21.01","21.38","21.51","20.86","","1.16%"
"18/03/2021","20.77","20.44","20.85","20.22","","-2.85%"
"17/03/2021","21.38","22.58","23.00","21.26","","-4.51%"
"16/03/2021","22.39","22.82","23.10","22.04","","-5.25%"
"15/03/2021","23.63","23.99","24.42","23.59","","-1.95%"
"12/03/2021","24.10","23.11","24.10","22.68","","1.82%"
"11/03/2021","23.67","23.82","24.02","23.36","","-3.62%"
"10/03/2021","24.56","24.79","25.14","24.45","","-3.61%"
"09/03/2021","25.48","25.28","26.35","24.86","","-2.90%"
"08/03/2021","26.24","23.91","26.52","23.75","","7.06%"
"05/03/2021","24.51","25.78","26.20","23.86","","2.55%"
"04/03/2021","23.90","24.07","24.99","23.64","","4.00%"
"03/03/2021","22.98","23.53","23.75","22.78","","-5.39%"
"02/03/2021","24.29","22.68","24.90","22.68","","-0.70%"
"01/03/2021","24.46","24.83","25.24","24.09","","-8.59%"
"26/02/2021","26.76","26.64","27.89","25.57","","7.08%"
"25/02/2021","24.99","23.90","25.15","23.90","","-5.95%"
"24/02/2021","26.57","23.32","26.96","22.47","","13.11%"
"23/02/2021","23.49","23.88","24.08","22.55","","-2.61%"
"22/02/2021","24.12","23.54","24.21","22.46","","7.97%"
"19/02/2021","22.34","22.34","24.05","22.26","","-3.79%"
"18/02/2021","23.22","22.88","23.69","22.68","","1.31%"
"17/02/2021","22.92","22.26","23.01","21.60","","3.90%"
"16/02/2021","22.06","21.26","22.23","21.26","","7.93%"
"11/02/2021","20.44","20.17","20.46","20.08","","1.24%"
"10/02/2021","20.19","19.22","20.29","19.20","","6.60%"
"09/02/2021","18.94","19.96","20.03","18.92","","-5.86%"
"08/02/2021","20.12","21.06","21.11","20.03","","-1.81%"
"05/02/2021","20.49","21.26","21.29","20.33","","-6.99%"
"04/02/2021","22.03","22.08","23.20","21.44","","-1.43%"
"03/02/2021","22.35","23.81","24.01","21.95","","-8.36%"
"02/02/2021","24.39","24.14","24.65","24.02","","-3.06%"
"01/02/2021","25.16","26.06","26.13","24.93","","-5.27%"
"29/01/2021","26.56","24.67","27.64","24.60","","-2.17%"
"28/01/2021","27.15","26.16","27.66","25.39","","19.81%"
"27/01/2021","22.66","22.97","23.75","22.66","","-3.16%"
"26/01/2021","23.40","22.64","23.81","22.57","","1.47%"
"25/01/2021","23.06","22.60","23.40","22.28","","5.93%"
"22/01/2021","21.77","20.89","21.77","20.26","","3.22%"
"21/01/2021","21.09","21.77","21.94","21.09","","-1.82%"
"20/01/2021","21.48","21.79","22.46","21.46","","0.09%"
"19/01/2021","21.46","19.64","22.93","19.57","","10.16%"
"18/01/2021","19.48","19.62","19.79","19.14","","4.56%"
"15/01/2021","18.63","18.64","19.06","18.62","","-2.72%"
"14/01/2021","19.15","19.67","19.72","18.94","","-2.54%"
"13/01/2021","19.65","20.20","20.57","19.57","","-3.20%"
"12/01/2021","20.30","21.41","21.41","20.16","","-5.14%"
"11/01/2021","21.40","21.12","21.50","20.76","","6.20%"
"08/01/2021","20.15","20.39","20.45","19.87","","-2.09%"
"07/01/2021","20.58","20.04","20.78","19.97","","2.80%"
"06/01/2021","20.02","19.73","20.17","19.68","","1.99%"
"05/01/2021","19.63","19.96","20.01","19.28","","0.41%"
"04/01/2021","19.55","20.30","20.32","19.38","","1.40%"